{
    "Düsseldorf": [
        51.218109, 6.80161
    ],
    "Dubai": [
        25.276987, 55.296249
    ],
    "Bangkok": [
        13.736717, 100.523186
    ],
    "Chumphon": [
        10.4957, 99.17971
    ],
    "Ko Tao": [
        10.099430, 99.830040
    ],
    "Ko Samui": [
        9.512017, 100.013596
    ],
    "Surat Thani": [
        9.134195, 99.333420
    ],
    "Khao Sok National Park": [
        8.912262303824935, 98.52525290074828
    ],
    "Siem Reap": [
        13.337636775279263, 103.89109085441315
    ],
    "Da Nang": [
        16.049136981155904, 108.20326885896291
    ],
    "Hội An": [
        15.885888648681625, 108.34495936157857
    ],
    "Huế": [
        16.465231900435683, 107.58294573117479
    ],
    "Hanoi": [
        21.027703209388804, 105.83404449531818
    ],
    "Hạ Long Bay": [
        20.9091192010579, 107.18452916301545
    ]
}