{
    "Köln": [
        50.935173,
        6.953101
    ],
    "Pont-de-l'Arche": [
        49.303449,
        1.158169
    ],
    "Saint-Girons Plage": [
        43.951503,
        -1.363952
    ],
    "Éguzon-Chantôme": [
        46.434123,
        1.611364
    ],
    "Hannover": [
        52.375893,
        9.732010
    ],
    "Shanghai": [
        31.230391,
        121.473701
    ],
    "Shuzhou": [
        31.302420,
        120.618070
    ],
    "Changchun": [
        43.817070,
        125.323547
    ],
    "Shenzhen": [
        22.5431,
        114.0579
    ],
    "Ningbo": [
        29.8683,
        121.5440
    ],
    "Jinhua": [
        29.0792,
        119.6474
    ],
    "Beijing": [
        39.9042,
        116.4074
    ],
    "Tianjin": [
        39.3434,
        117.3616
    ],
    "München": [
        48.1351,
        11.5820
    ]
}